score_name,method_family,score_priority,K_initial,tail_audit,expand_factor,max_expand_rounds,n_lops,pass_all_lops,mean_l0_truth_calls,max_K_final,max_tail_audit_failure_hits,mean_top100_recall,mean_top200_recall
raw_success_fail,raw_success_fail,0,200,25,1.25,3,6,True,225.0,200,0,0.7983897196733317,1.0
raw_success_fail,raw_success_fail,0,200,25,1.5,3,6,True,225.0,200,0,0.7983897196733317,1.0
raw_success_fail,raw_success_fail,0,200,25,2.0,3,6,True,225.0,200,0,0.7983897196733317,1.0
base_margin_m1.2_e10,base_margin,1,200,25,1.25,3,6,True,225.0,200,0,0.7983897196733317,1.0
base_margin_m1.2_e10,base_margin,1,200,25,1.5,3,6,True,225.0,200,0,0.7983897196733317,1.0
base_margin_m1.2_e10,base_margin,1,200,25,2.0,3,6,True,225.0,200,0,0.7983897196733317,1.0
base_margin_m1.2_e20,base_margin,2,200,25,1.25,3,6,True,225.0,200,0,0.7983897196733317,1.0
base_margin_m1.2_e20,base_margin,2,200,25,1.5,3,6,True,225.0,200,0,0.7983897196733317,1.0
base_margin_m1.2_e20,base_margin,2,200,25,2.0,3,6,True,225.0,200,0,0.7983897196733317,1.0
base_margin_m1.2_e5,base_margin,2,200,25,1.25,3,6,True,225.0,200,0,0.7983897196733317,1.0
base_margin_m1.2_e5,base_margin,2,200,25,1.5,3,6,True,225.0,200,0,0.7983897196733317,1.0
base_margin_m1.2_e5,base_margin,2,200,25,2.0,3,6,True,225.0,200,0,0.7983897196733317,1.0
raw_success_fail,raw_success_fail,0,200,50,1.25,3,6,True,250.0,200,0,0.7983897196733317,1.0
raw_success_fail,raw_success_fail,0,200,50,1.5,3,6,True,250.0,200,0,0.7983897196733317,1.0
raw_success_fail,raw_success_fail,0,200,50,2.0,3,6,True,250.0,200,0,0.7983897196733317,1.0
base_margin_m1.2_e10,base_margin,1,200,50,1.25,3,6,True,250.0,200,0,0.7983897196733317,1.0
base_margin_m1.2_e10,base_margin,1,200,50,1.5,3,6,True,250.0,200,0,0.7983897196733317,1.0
base_margin_m1.2_e10,base_margin,1,200,50,2.0,3,6,True,250.0,200,0,0.7983897196733317,1.0
base_margin_m1.2_e20,base_margin,2,200,50,1.25,3,6,True,250.0,200,0,0.7983897196733317,1.0
base_margin_m1.2_e20,base_margin,2,200,50,1.5,3,6,True,250.0,200,0,0.7983897196733317,1.0
base_margin_m1.2_e20,base_margin,2,200,50,2.0,3,6,True,250.0,200,0,0.7983897196733317,1.0
base_margin_m1.2_e5,base_margin,2,200,50,1.25,3,6,True,250.0,200,0,0.7983897196733317,1.0
base_margin_m1.2_e5,base_margin,2,200,50,1.5,3,6,True,250.0,200,0,0.7983897196733317,1.0
base_margin_m1.2_e5,base_margin,2,200,50,2.0,3,6,True,250.0,200,0,0.7983897196733317,1.0
raw_success_fail,raw_success_fail,0,200,75,1.25,3,6,True,275.0,200,0,0.7983897196733317,1.0
raw_success_fail,raw_success_fail,0,200,75,1.5,3,6,True,275.0,200,0,0.7983897196733317,1.0
raw_success_fail,raw_success_fail,0,200,75,2.0,3,6,True,275.0,200,0,0.7983897196733317,1.0
base_margin_m1.2_e10,base_margin,1,200,75,1.25,3,6,True,275.0,200,0,0.7983897196733317,1.0
base_margin_m1.2_e10,base_margin,1,200,75,1.5,3,6,True,275.0,200,0,0.7983897196733317,1.0
base_margin_m1.2_e10,base_margin,1,200,75,2.0,3,6,True,275.0,200,0,0.7983897196733317,1.0
base_margin_m1.2_e20,base_margin,2,200,75,1.25,3,6,True,275.0,200,0,0.7983897196733317,1.0
base_margin_m1.2_e20,base_margin,2,200,75,1.5,3,6,True,275.0,200,0,0.7983897196733317,1.0
base_margin_m1.2_e20,base_margin,2,200,75,2.0,3,6,True,275.0,200,0,0.7983897196733317,1.0
base_margin_m1.2_e5,base_margin,2,200,75,1.25,3,6,True,275.0,200,0,0.7983897196733317,1.0
base_margin_m1.2_e5,base_margin,2,200,75,1.5,3,6,True,275.0,200,0,0.7983897196733317,1.0
base_margin_m1.2_e5,base_margin,2,200,75,2.0,3,6,True,275.0,200,0,0.7983897196733317,1.0
raw_success_fail,raw_success_fail,0,200,100,1.25,3,6,True,300.0,200,0,0.7983897196733317,1.0
raw_success_fail,raw_success_fail,0,200,100,1.5,3,6,True,300.0,200,0,0.7983897196733317,1.0
raw_success_fail,raw_success_fail,0,200,100,2.0,3,6,True,300.0,200,0,0.7983897196733317,1.0
base_margin_m1.2_e10,base_margin,1,200,100,1.25,3,6,True,300.0,200,0,0.7983897196733317,1.0
base_margin_m1.2_e10,base_margin,1,200,100,1.5,3,6,True,300.0,200,0,0.7983897196733317,1.0
base_margin_m1.2_e10,base_margin,1,200,100,2.0,3,6,True,300.0,200,0,0.7983897196733317,1.0
base_margin_m1.2_e20,base_margin,2,200,100,1.25,3,6,True,300.0,200,0,0.7983897196733317,1.0
base_margin_m1.2_e20,base_margin,2,200,100,1.5,3,6,True,300.0,200,0,0.7983897196733317,1.0
base_margin_m1.2_e20,base_margin,2,200,100,2.0,3,6,True,300.0,200,0,0.7983897196733317,1.0
base_margin_m1.2_e5,base_margin,2,200,100,1.25,3,6,True,300.0,200,0,0.7983897196733317,1.0
base_margin_m1.2_e5,base_margin,2,200,100,1.5,3,6,True,300.0,200,0,0.7983897196733317,1.0
base_margin_m1.2_e5,base_margin,2,200,100,2.0,3,6,True,300.0,200,0,0.7983897196733317,1.0
raw_success_fail,raw_success_fail,0,100,25,1.25,3,6,False,171.0,197,75,0.7983897196733317,1.0
base_margin_m1.2_e10,base_margin,1,100,25,1.25,3,6,False,171.0,197,75,0.7983897196733317,1.0
base_margin_m1.2_e20,base_margin,2,100,25,1.25,3,6,False,171.0,197,75,0.7983897196733317,1.0
base_margin_m1.2_e5,base_margin,2,100,25,1.25,3,6,False,171.0,197,75,0.7983897196733317,1.0
raw_success_fail,raw_success_fail,0,125,25,1.25,3,6,False,179.33333333333334,197,50,0.7983897196733317,1.0
base_margin_m1.2_e10,base_margin,1,125,25,1.25,3,6,False,179.33333333333334,197,50,0.7983897196733317,1.0
base_margin_m1.2_e20,base_margin,2,125,25,1.25,3,6,False,179.33333333333334,197,50,0.7983897196733317,1.0
base_margin_m1.2_e5,base_margin,2,125,25,1.25,3,6,False,179.33333333333334,197,50,0.7983897196733317,1.0
raw_success_fail,raw_success_fail,0,125,25,1.5,3,6,False,181.5,188,25,0.7983897196733317,1.0
base_margin_m1.2_e10,base_margin,1,125,25,1.5,3,6,False,181.5,188,25,0.7983897196733317,1.0
base_margin_m1.2_e20,base_margin,2,125,25,1.5,3,6,False,181.5,188,25,0.7983897196733317,1.0
base_margin_m1.2_e5,base_margin,2,125,25,1.5,3,6,False,181.5,188,25,0.7983897196733317,1.0
raw_success_fail,raw_success_fail,0,100,25,1.5,3,6,False,183.33333333333334,225,50,0.7983897196733317,1.0
base_margin_m1.2_e10,base_margin,1,100,25,1.5,3,6,False,183.33333333333334,225,50,0.7983897196733317,1.0
base_margin_m1.2_e20,base_margin,2,100,25,1.5,3,6,False,183.33333333333334,225,50,0.7983897196733317,1.0
base_margin_m1.2_e5,base_margin,2,100,25,1.5,3,6,False,183.33333333333334,225,50,0.7983897196733317,1.0
raw_success_fail,raw_success_fail,0,150,25,1.25,3,6,False,187.66666666666666,188,25,0.7983897196733317,1.0
base_margin_m1.2_e10,base_margin,1,150,25,1.25,3,6,False,187.66666666666666,188,25,0.7983897196733317,1.0
base_margin_m1.2_e20,base_margin,2,150,25,1.25,3,6,False,187.66666666666666,188,25,0.7983897196733317,1.0
base_margin_m1.2_e5,base_margin,2,150,25,1.25,3,6,False,187.66666666666666,188,25,0.7983897196733317,1.0
raw_success_fail,raw_success_fail,0,100,25,2.0,3,6,False,191.66666666666666,200,25,0.7983897196733317,1.0
base_margin_m1.2_e10,base_margin,1,100,25,2.0,3,6,False,191.66666666666666,200,25,0.7983897196733317,1.0
base_margin_m1.2_e20,base_margin,2,100,25,2.0,3,6,False,191.66666666666666,200,25,0.7983897196733317,1.0
base_margin_m1.2_e5,base_margin,2,100,25,2.0,3,6,False,191.66666666666666,200,25,0.7983897196733317,1.0
raw_success_fail,raw_success_fail,0,100,50,1.25,3,6,False,196.0,197,127,0.7983897196733317,1.0
base_margin_m1.2_e10,base_margin,1,100,50,1.25,3,6,False,196.0,197,127,0.7983897196733317,1.0
base_margin_m1.2_e20,base_margin,2,100,50,1.25,3,6,False,196.0,197,127,0.7983897196733317,1.0
base_margin_m1.2_e5,base_margin,2,100,50,1.25,3,6,False,196.0,197,127,0.7983897196733317,1.0
raw_success_fail,raw_success_fail,0,150,25,1.5,3,6,False,200.0,225,25,0.7983897196733317,1.0
base_margin_m1.2_e10,base_margin,1,150,25,1.5,3,6,False,200.0,225,25,0.7983897196733317,1.0
base_margin_m1.2_e20,base_margin,2,150,25,1.5,3,6,False,200.0,225,25,0.7983897196733317,1.0
base_margin_m1.2_e5,base_margin,2,150,25,1.5,3,6,False,200.0,225,25,0.7983897196733317,1.0
raw_success_fail,raw_success_fail,0,125,50,1.25,3,6,False,204.33333333333334,197,77,0.7983897196733317,1.0
base_margin_m1.2_e10,base_margin,1,125,50,1.25,3,6,False,204.33333333333334,197,77,0.7983897196733317,1.0
base_margin_m1.2_e20,base_margin,2,125,50,1.25,3,6,False,204.33333333333334,197,77,0.7983897196733317,1.0
base_margin_m1.2_e5,base_margin,2,125,50,1.25,3,6,False,204.33333333333334,197,77,0.7983897196733317,1.0
raw_success_fail,raw_success_fail,0,125,50,1.5,3,6,False,206.5,188,50,0.7983897196733317,1.0
base_margin_m1.2_e10,base_margin,1,125,50,1.5,3,6,False,206.5,188,50,0.7983897196733317,1.0
base_margin_m1.2_e20,base_margin,2,125,50,1.5,3,6,False,206.5,188,50,0.7983897196733317,1.0
base_margin_m1.2_e5,base_margin,2,125,50,1.5,3,6,False,206.5,188,50,0.7983897196733317,1.0
raw_success_fail,raw_success_fail,0,175,25,1.25,3,6,False,207.33333333333334,219,9,0.7983897196733317,1.0
base_margin_m1.2_e10,base_margin,1,175,25,1.25,3,6,False,207.33333333333334,219,9,0.7983897196733317,1.0
base_margin_m1.2_e20,base_margin,2,175,25,1.25,3,6,False,207.33333333333334,219,9,0.7983897196733317,1.0
base_margin_m1.2_e5,base_margin,2,175,25,1.25,3,6,False,207.33333333333334,219,9,0.7983897196733317,1.0
raw_success_fail,raw_success_fail,0,100,50,1.5,3,6,False,208.33333333333334,225,84,0.7983897196733317,1.0
base_margin_m1.2_e10,base_margin,1,100,50,1.5,3,6,False,208.33333333333334,225,84,0.7983897196733317,1.0
base_margin_m1.2_e20,base_margin,2,100,50,1.5,3,6,False,208.33333333333334,225,84,0.7983897196733317,1.0
base_margin_m1.2_e5,base_margin,2,100,50,1.5,3,6,False,208.33333333333334,225,84,0.7983897196733317,1.0
raw_success_fail,raw_success_fail,0,125,25,2.0,3,6,False,212.5,250,25,0.7983897196733317,1.0
base_margin_m1.2_e10,base_margin,1,125,25,2.0,3,6,False,212.5,250,25,0.7983897196733317,1.0
base_margin_m1.2_e20,base_margin,2,125,25,2.0,3,6,False,212.5,250,25,0.7983897196733317,1.0
base_margin_m1.2_e5,base_margin,2,125,25,2.0,3,6,False,212.5,250,25,0.7983897196733317,1.0
raw_success_fail,raw_success_fail,0,150,50,1.25,3,6,False,212.66666666666666,188,34,0.7983897196733317,1.0
base_margin_m1.2_e10,base_margin,1,150,50,1.25,3,6,False,212.66666666666666,188,34,0.7983897196733317,1.0
base_margin_m1.2_e20,base_margin,2,150,50,1.25,3,6,False,212.66666666666666,188,34,0.7983897196733317,1.0
base_margin_m1.2_e5,base_margin,2,150,50,1.25,3,6,False,212.66666666666666,188,34,0.7983897196733317,1.0
raw_success_fail,raw_success_fail,0,175,25,1.5,3,6,False,214.66666666666666,263,9,0.7983897196733317,1.0
base_margin_m1.2_e10,base_margin,1,175,25,1.5,3,6,False,214.66666666666666,263,9,0.7983897196733317,1.0
base_margin_m1.2_e20,base_margin,2,175,25,1.5,3,6,False,214.66666666666666,263,9,0.7983897196733317,1.0
base_margin_m1.2_e5,base_margin,2,175,25,1.5,3,6,False,214.66666666666666,263,9,0.7983897196733317,1.0
raw_success_fail,raw_success_fail,0,100,50,2.0,3,6,False,216.66666666666666,200,50,0.7983897196733317,1.0
base_margin_m1.2_e10,base_margin,1,100,50,2.0,3,6,False,216.66666666666666,200,50,0.7983897196733317,1.0
base_margin_m1.2_e20,base_margin,2,100,50,2.0,3,6,False,216.66666666666666,200,50,0.7983897196733317,1.0
base_margin_m1.2_e5,base_margin,2,100,50,2.0,3,6,False,216.66666666666666,200,50,0.7983897196733317,1.0
raw_success_fail,raw_success_fail,0,100,75,1.25,3,6,False,221.0,197,161,0.7983897196733317,1.0
base_margin_m1.2_e10,base_margin,1,100,75,1.25,3,6,False,221.0,197,161,0.7983897196733317,1.0
base_margin_m1.2_e20,base_margin,2,100,75,1.25,3,6,False,221.0,197,161,0.7983897196733317,1.0
base_margin_m1.2_e5,base_margin,2,100,75,1.25,3,6,False,221.0,197,161,0.7983897196733317,1.0
raw_success_fail,raw_success_fail,0,150,50,1.5,3,6,False,225.0,225,34,0.7983897196733317,1.0
base_margin_m1.2_e10,base_margin,1,150,50,1.5,3,6,False,225.0,225,34,0.7983897196733317,1.0
base_margin_m1.2_e20,base_margin,2,150,50,1.5,3,6,False,225.0,225,34,0.7983897196733317,1.0
base_margin_m1.2_e5,base_margin,2,150,50,1.5,3,6,False,225.0,225,34,0.7983897196733317,1.0
raw_success_fail,raw_success_fail,0,150,25,2.0,3,6,False,225.0,300,25,0.7983897196733317,1.0
base_margin_m1.2_e10,base_margin,1,150,25,2.0,3,6,False,225.0,300,25,0.7983897196733317,1.0
base_margin_m1.2_e20,base_margin,2,150,25,2.0,3,6,False,225.0,300,25,0.7983897196733317,1.0
base_margin_m1.2_e5,base_margin,2,150,25,2.0,3,6,False,225.0,300,25,0.7983897196733317,1.0
raw_success_fail,raw_success_fail,0,175,25,2.0,3,6,False,229.16666666666666,350,9,0.7983897196733317,1.0
base_margin_m1.2_e10,base_margin,1,175,25,2.0,3,6,False,229.16666666666666,350,9,0.7983897196733317,1.0
base_margin_m1.2_e20,base_margin,2,175,25,2.0,3,6,False,229.16666666666666,350,9,0.7983897196733317,1.0
base_margin_m1.2_e5,base_margin,2,175,25,2.0,3,6,False,229.16666666666666,350,9,0.7983897196733317,1.0
raw_success_fail,raw_success_fail,0,125,75,1.25,3,6,False,229.33333333333334,197,86,0.7983897196733317,1.0
base_margin_m1.2_e10,base_margin,1,125,75,1.25,3,6,False,229.33333333333334,197,86,0.7983897196733317,1.0
base_margin_m1.2_e20,base_margin,2,125,75,1.25,3,6,False,229.33333333333334,197,86,0.7983897196733317,1.0
base_margin_m1.2_e5,base_margin,2,125,75,1.25,3,6,False,229.33333333333334,197,86,0.7983897196733317,1.0
raw_success_fail,raw_success_fail,0,125,75,1.5,3,6,False,231.5,188,59,0.7983897196733317,1.0
base_margin_m1.2_e10,base_margin,1,125,75,1.5,3,6,False,231.5,188,59,0.7983897196733317,1.0
base_margin_m1.2_e20,base_margin,2,125,75,1.5,3,6,False,231.5,188,59,0.7983897196733317,1.0
base_margin_m1.2_e5,base_margin,2,125,75,1.5,3,6,False,231.5,188,59,0.7983897196733317,1.0
raw_success_fail,raw_success_fail,0,175,50,1.25,3,6,False,232.33333333333334,219,9,0.7983897196733317,1.0
base_margin_m1.2_e10,base_margin,1,175,50,1.25,3,6,False,232.33333333333334,219,9,0.7983897196733317,1.0
base_margin_m1.2_e20,base_margin,2,175,50,1.25,3,6,False,232.33333333333334,219,9,0.7983897196733317,1.0
base_margin_m1.2_e5,base_margin,2,175,50,1.25,3,6,False,232.33333333333334,219,9,0.7983897196733317,1.0
raw_success_fail,raw_success_fail,0,100,75,1.5,3,6,False,233.33333333333334,225,109,0.7983897196733317,1.0
base_margin_m1.2_e10,base_margin,1,100,75,1.5,3,6,False,233.33333333333334,225,109,0.7983897196733317,1.0
base_margin_m1.2_e20,base_margin,2,100,75,1.5,3,6,False,233.33333333333334,225,109,0.7983897196733317,1.0
base_margin_m1.2_e5,base_margin,2,100,75,1.5,3,6,False,233.33333333333334,225,109,0.7983897196733317,1.0
raw_success_fail,raw_success_fail,0,125,50,2.0,3,6,False,237.5,250,50,0.7983897196733317,1.0
base_margin_m1.2_e10,base_margin,1,125,50,2.0,3,6,False,237.5,250,50,0.7983897196733317,1.0
base_margin_m1.2_e20,base_margin,2,125,50,2.0,3,6,False,237.5,250,50,0.7983897196733317,1.0
base_margin_m1.2_e5,base_margin,2,125,50,2.0,3,6,False,237.5,250,50,0.7983897196733317,1.0
raw_success_fail,raw_success_fail,0,150,75,1.25,3,6,False,237.66666666666666,188,34,0.7983897196733317,1.0
base_margin_m1.2_e10,base_margin,1,150,75,1.25,3,6,False,237.66666666666666,188,34,0.7983897196733317,1.0
base_margin_m1.2_e20,base_margin,2,150,75,1.25,3,6,False,237.66666666666666,188,34,0.7983897196733317,1.0
base_margin_m1.2_e5,base_margin,2,150,75,1.25,3,6,False,237.66666666666666,188,34,0.7983897196733317,1.0
raw_success_fail,raw_success_fail,0,175,50,1.5,3,6,False,239.66666666666666,263,9,0.7983897196733317,1.0
base_margin_m1.2_e10,base_margin,1,175,50,1.5,3,6,False,239.66666666666666,263,9,0.7983897196733317,1.0
base_margin_m1.2_e20,base_margin,2,175,50,1.5,3,6,False,239.66666666666666,263,9,0.7983897196733317,1.0
base_margin_m1.2_e5,base_margin,2,175,50,1.5,3,6,False,239.66666666666666,263,9,0.7983897196733317,1.0
raw_success_fail,raw_success_fail,0,100,75,2.0,3,6,False,241.66666666666666,200,75,0.7983897196733317,1.0
base_margin_m1.2_e10,base_margin,1,100,75,2.0,3,6,False,241.66666666666666,200,75,0.7983897196733317,1.0
base_margin_m1.2_e20,base_margin,2,100,75,2.0,3,6,False,241.66666666666666,200,75,0.7983897196733317,1.0
base_margin_m1.2_e5,base_margin,2,100,75,2.0,3,6,False,241.66666666666666,200,75,0.7983897196733317,1.0
raw_success_fail,raw_success_fail,0,100,100,1.25,3,6,False,246.0,197,170,0.7983897196733317,1.0
base_margin_m1.2_e10,base_margin,1,100,100,1.25,3,6,False,246.0,197,170,0.7983897196733317,1.0
base_margin_m1.2_e20,base_margin,2,100,100,1.25,3,6,False,246.0,197,170,0.7983897196733317,1.0
base_margin_m1.2_e5,base_margin,2,100,100,1.25,3,6,False,246.0,197,170,0.7983897196733317,1.0
raw_success_fail,raw_success_fail,0,150,75,1.5,3,6,False,250.0,225,34,0.7983897196733317,1.0
base_margin_m1.2_e10,base_margin,1,150,75,1.5,3,6,False,250.0,225,34,0.7983897196733317,1.0
base_margin_m1.2_e20,base_margin,2,150,75,1.5,3,6,False,250.0,225,34,0.7983897196733317,1.0
base_margin_m1.2_e5,base_margin,2,150,75,1.5,3,6,False,250.0,225,34,0.7983897196733317,1.0
raw_success_fail,raw_success_fail,0,150,50,2.0,3,6,False,250.0,300,34,0.7983897196733317,1.0
base_margin_m1.2_e10,base_margin,1,150,50,2.0,3,6,False,250.0,300,34,0.7983897196733317,1.0
base_margin_m1.2_e20,base_margin,2,150,50,2.0,3,6,False,250.0,300,34,0.7983897196733317,1.0
base_margin_m1.2_e5,base_margin,2,150,50,2.0,3,6,False,250.0,300,34,0.7983897196733317,1.0
raw_success_fail,raw_success_fail,0,175,50,2.0,3,6,False,254.16666666666666,350,9,0.7983897196733317,1.0
base_margin_m1.2_e10,base_margin,1,175,50,2.0,3,6,False,254.16666666666666,350,9,0.7983897196733317,1.0
base_margin_m1.2_e20,base_margin,2,175,50,2.0,3,6,False,254.16666666666666,350,9,0.7983897196733317,1.0
base_margin_m1.2_e5,base_margin,2,175,50,2.0,3,6,False,254.16666666666666,350,9,0.7983897196733317,1.0
raw_success_fail,raw_success_fail,0,125,100,1.25,3,6,False,254.33333333333334,197,86,0.7983897196733317,1.0
base_margin_m1.2_e10,base_margin,1,125,100,1.25,3,6,False,254.33333333333334,197,86,0.7983897196733317,1.0
base_margin_m1.2_e20,base_margin,2,125,100,1.25,3,6,False,254.33333333333334,197,86,0.7983897196733317,1.0
base_margin_m1.2_e5,base_margin,2,125,100,1.25,3,6,False,254.33333333333334,197,86,0.7983897196733317,1.0
raw_success_fail,raw_success_fail,0,125,100,1.5,3,6,False,256.5,188,59,0.7983897196733317,1.0
base_margin_m1.2_e10,base_margin,1,125,100,1.5,3,6,False,256.5,188,59,0.7983897196733317,1.0
base_margin_m1.2_e20,base_margin,2,125,100,1.5,3,6,False,256.5,188,59,0.7983897196733317,1.0
base_margin_m1.2_e5,base_margin,2,125,100,1.5,3,6,False,256.5,188,59,0.7983897196733317,1.0
raw_success_fail,raw_success_fail,0,175,75,1.25,3,6,False,257.3333333333333,219,9,0.7983897196733317,1.0
base_margin_m1.2_e10,base_margin,1,175,75,1.25,3,6,False,257.3333333333333,219,9,0.7983897196733317,1.0
base_margin_m1.2_e20,base_margin,2,175,75,1.25,3,6,False,257.3333333333333,219,9,0.7983897196733317,1.0
base_margin_m1.2_e5,base_margin,2,175,75,1.25,3,6,False,257.3333333333333,219,9,0.7983897196733317,1.0
raw_success_fail,raw_success_fail,0,100,100,1.5,3,6,False,258.3333333333333,225,118,0.7983897196733317,1.0
base_margin_m1.2_e10,base_margin,1,100,100,1.5,3,6,False,258.3333333333333,225,118,0.7983897196733317,1.0
base_margin_m1.2_e20,base_margin,2,100,100,1.5,3,6,False,258.3333333333333,225,118,0.7983897196733317,1.0
base_margin_m1.2_e5,base_margin,2,100,100,1.5,3,6,False,258.3333333333333,225,118,0.7983897196733317,1.0
raw_success_fail,raw_success_fail,0,125,75,2.0,3,6,False,262.5,250,59,0.7983897196733317,1.0
base_margin_m1.2_e10,base_margin,1,125,75,2.0,3,6,False,262.5,250,59,0.7983897196733317,1.0
base_margin_m1.2_e20,base_margin,2,125,75,2.0,3,6,False,262.5,250,59,0.7983897196733317,1.0
base_margin_m1.2_e5,base_margin,2,125,75,2.0,3,6,False,262.5,250,59,0.7983897196733317,1.0
raw_success_fail,raw_success_fail,0,150,100,1.25,3,6,False,262.6666666666667,188,34,0.7983897196733317,1.0
base_margin_m1.2_e10,base_margin,1,150,100,1.25,3,6,False,262.6666666666667,188,34,0.7983897196733317,1.0
base_margin_m1.2_e20,base_margin,2,150,100,1.25,3,6,False,262.6666666666667,188,34,0.7983897196733317,1.0
base_margin_m1.2_e5,base_margin,2,150,100,1.25,3,6,False,262.6666666666667,188,34,0.7983897196733317,1.0
raw_success_fail,raw_success_fail,0,175,75,1.5,3,6,False,264.6666666666667,263,9,0.7983897196733317,1.0
base_margin_m1.2_e10,base_margin,1,175,75,1.5,3,6,False,264.6666666666667,263,9,0.7983897196733317,1.0
base_margin_m1.2_e20,base_margin,2,175,75,1.5,3,6,False,264.6666666666667,263,9,0.7983897196733317,1.0
base_margin_m1.2_e5,base_margin,2,175,75,1.5,3,6,False,264.6666666666667,263,9,0.7983897196733317,1.0
raw_success_fail,raw_success_fail,0,100,100,2.0,3,6,False,266.6666666666667,200,84,0.7983897196733317,1.0
base_margin_m1.2_e10,base_margin,1,100,100,2.0,3,6,False,266.6666666666667,200,84,0.7983897196733317,1.0
base_margin_m1.2_e20,base_margin,2,100,100,2.0,3,6,False,266.6666666666667,200,84,0.7983897196733317,1.0
base_margin_m1.2_e5,base_margin,2,100,100,2.0,3,6,False,266.6666666666667,200,84,0.7983897196733317,1.0
raw_success_fail,raw_success_fail,0,150,100,1.5,3,6,False,275.0,225,34,0.7983897196733317,1.0
base_margin_m1.2_e10,base_margin,1,150,100,1.5,3,6,False,275.0,225,34,0.7983897196733317,1.0
base_margin_m1.2_e20,base_margin,2,150,100,1.5,3,6,False,275.0,225,34,0.7983897196733317,1.0
base_margin_m1.2_e5,base_margin,2,150,100,1.5,3,6,False,275.0,225,34,0.7983897196733317,1.0
raw_success_fail,raw_success_fail,0,150,75,2.0,3,6,False,275.0,300,34,0.7983897196733317,1.0
base_margin_m1.2_e10,base_margin,1,150,75,2.0,3,6,False,275.0,300,34,0.7983897196733317,1.0
base_margin_m1.2_e20,base_margin,2,150,75,2.0,3,6,False,275.0,300,34,0.7983897196733317,1.0
base_margin_m1.2_e5,base_margin,2,150,75,2.0,3,6,False,275.0,300,34,0.7983897196733317,1.0
raw_success_fail,raw_success_fail,0,175,75,2.0,3,6,False,279.1666666666667,350,9,0.7983897196733317,1.0
base_margin_m1.2_e10,base_margin,1,175,75,2.0,3,6,False,279.1666666666667,350,9,0.7983897196733317,1.0
base_margin_m1.2_e20,base_margin,2,175,75,2.0,3,6,False,279.1666666666667,350,9,0.7983897196733317,1.0
base_margin_m1.2_e5,base_margin,2,175,75,2.0,3,6,False,279.1666666666667,350,9,0.7983897196733317,1.0
raw_success_fail,raw_success_fail,0,175,100,1.25,3,6,False,282.3333333333333,219,9,0.7983897196733317,1.0
base_margin_m1.2_e10,base_margin,1,175,100,1.25,3,6,False,282.3333333333333,219,9,0.7983897196733317,1.0
base_margin_m1.2_e20,base_margin,2,175,100,1.25,3,6,False,282.3333333333333,219,9,0.7983897196733317,1.0
base_margin_m1.2_e5,base_margin,2,175,100,1.25,3,6,False,282.3333333333333,219,9,0.7983897196733317,1.0
raw_success_fail,raw_success_fail,0,125,100,2.0,3,6,False,287.5,250,59,0.7983897196733317,1.0
base_margin_m1.2_e10,base_margin,1,125,100,2.0,3,6,False,287.5,250,59,0.7983897196733317,1.0
base_margin_m1.2_e20,base_margin,2,125,100,2.0,3,6,False,287.5,250,59,0.7983897196733317,1.0
base_margin_m1.2_e5,base_margin,2,125,100,2.0,3,6,False,287.5,250,59,0.7983897196733317,1.0
raw_success_fail,raw_success_fail,0,175,100,1.5,3,6,False,289.6666666666667,263,9,0.7983897196733317,1.0
base_margin_m1.2_e10,base_margin,1,175,100,1.5,3,6,False,289.6666666666667,263,9,0.7983897196733317,1.0
base_margin_m1.2_e20,base_margin,2,175,100,1.5,3,6,False,289.6666666666667,263,9,0.7983897196733317,1.0
base_margin_m1.2_e5,base_margin,2,175,100,1.5,3,6,False,289.6666666666667,263,9,0.7983897196733317,1.0
raw_success_fail,raw_success_fail,0,150,100,2.0,3,6,False,300.0,300,34,0.7983897196733317,1.0
base_margin_m1.2_e10,base_margin,1,150,100,2.0,3,6,False,300.0,300,34,0.7983897196733317,1.0
base_margin_m1.2_e20,base_margin,2,150,100,2.0,3,6,False,300.0,300,34,0.7983897196733317,1.0
base_margin_m1.2_e5,base_margin,2,150,100,2.0,3,6,False,300.0,300,34,0.7983897196733317,1.0
raw_success_fail,raw_success_fail,0,175,100,2.0,3,6,False,304.1666666666667,350,9,0.7983897196733317,1.0
base_margin_m1.2_e10,base_margin,1,175,100,2.0,3,6,False,304.1666666666667,350,9,0.7983897196733317,1.0
base_margin_m1.2_e20,base_margin,2,175,100,2.0,3,6,False,304.1666666666667,350,9,0.7983897196733317,1.0
base_margin_m1.2_e5,base_margin,2,175,100,2.0,3,6,False,304.1666666666667,350,9,0.7983897196733317,1.0
